2006, #1 Single, 34.0536909, -118.242766
2006, #1 Single, 40.7127281, -74.0060152
2015, #15SecondScare{It's Me Jessica (#1.5)}, 52.4081812, -1.510477
2015, #15SecondScare{Who Wants to Play with the Rabbit? (#1.2)}, 34.2032325, -118.645476
2015, #15SecondScare{Who Wants to Play with the Rabbit? (#1.2)}, 34.2032325, -118.645476
2017, #2WheelzNHeelz, 36.1622296, -86.7743531
2014, #ATown, 30.268603249999998, -97.76277328657375
2014, #ATown, 30.27213615, -97.7688868111702
2014, #ATown, 30.3207674, -97.7733474
2014, #ATown, 30.240283, -97.7887279
2014, #ATown, 30.2020961, -97.6700119
2016, #ActorsLife, 40.7127281, -74.0060152
2017, #BreakfastClub, 40.7127281, -74.0060152
2017, #BreakfastClub, 34.0536909, -118.242766
2012, #ByMySide, 42.6384261, 12.674297
2017, #CaptchaLA, 34.0536909, -118.242766
2013, #DayOff, 40.7127281, -74.0060152
2015, #DearGeorgette, 40.7127281, -74.0060152
2014, #Elmira, 42.0897965, -76.8077338
2016, #Fuga, 39.2138905, -79.6371124
2017, #Hashtag Travel UK, 28.4753569, -81.4671768
2017, #Hashtag Travel, 28.4753569, -81.4671768
2017, #Hashtag Travel{The Hudson Valley (#1.1)}, 41.4200938, -73.9545831
2017, #Hashtag Travel{The Hudson Valley (#1.1)}, 41.504879, -73.9696822
2017, #Hashtag Travel{The Hudson Valley (#1.1)}, 41.5355745, -73.898702
2017, #Hashtag Travel{The Hudson Valley (#1.1)}, 41.5965635, -73.9112103
2017, #Hashtag Travel{The Hudson Valley (#1.1)}, 41.7065539, -73.9283672
2013, #Hashtag: The Series, 41.8755616, -87.6244212
2013, #Hashtag: The Series{#WhatWouldSiriDo - (2014) (#2.8)}, 41.8755616, -87.6244212
2015, #KateConwayisaJerk, 43.6534817, -79.3839347
2015, #KateConwayisaJerk{Helping Friends (#1.1)}, 43.648366800000005, -79.37439532076982
2015, #KateConwayisaJerk{Helping Miriam Pultro Around Toronto (#1.5)}, 43.6903192, -79.3551786
2012, #LakeShow, 33.917028, -118.4156337
2013, #LawstinWoods, 42.1859079, -76.6699493
2013, #LawstinWoods, 42.1435257, -77.0543408
2013, #LawstinWoods{The Case of the Case (#1.5)}, 42.1859079, -76.6699493
2013, #LawstinWoods{The Great Divide (#1.4)}, 42.1859079, -76.6699493
2013, #LawstinWoods{The Great Divide (#1.4)}, 42.1435257, -77.0543408
2013, #LawstinWoods{The Happening (#1.3)}, 42.1859079, -76.6699493
2013, #LawstinWoods{The Happening (#1.3)}, 42.1435257, -77.0543408
2013, #LawstinWoods{The Happening (#1.3)}, 43.51716295, -73.23342316804965
2012, #LdnOnt, 52.2326368, 21.0067376
2016, #LoveMyRoomie, 28.4753569, -81.4671768
2016, #LoveMyRoomie{S2. E1 (#2.1)}, 40.6501038, -73.9495823
2017, #Mittelfingerspitzengef�hl, 52.2326368, 21.0067376
2017, #Mittelfingerspitzengef�hl, 39.2138905, -79.6371124
2015, #MommasGotBars, 51.3363864, -0.1144555
2017, #Murder, 35.9603948, -83.9210261
2016, #MyCurrentSituation: Atlanta, 33.7489924, -84.3902644
2016, #MyCurrentSituation: Atlanta, 35.1490215, -90.0516285
2012, #NerdNoise, 28.4753569, -81.4671768
2014, #Nightstrife, 41.8755616, -87.6244212
2013, #OscarTheOuch, 34.0980031, -118.329523
2013, #QuieroEseLook!, 52.2326368, 21.0067376
2016, #SmurTv, 37.270973, -79.9414313
2016, #SmurTv, 35.2272086, -80.8430827
2016, #SmurTv, 33.7489924, -84.3902644
2016, #SpongeyLeaks, 39.2138905, -79.6371124
2016, #SpongeyLeaks{Leak 2.1: in medias res: Fraudulent Eviction Notices & Bulletproof Vests: Barb's 2nd Abuser (#1.4)}, 34.2345615, -118.5369316
2013, #Troublemakers, 39.2138905, -79.6371124
2016, #VanLifeAttila, 53.0673944, -121.5165792
2016, #VanLifeAttila, 33.97996005, -118.46878181253348
2016, #VanLifeAttila, 47.4867563, 19.0637436
2016, #VanLifeAttila" (2016) {"Over{"Over" a Film by Attila (#3.31)}, 53.1044428, -121.5723679
2016, #VanLifeAttila" (2016) {"Over{"Over" a Film by Attila (#3.31)}, 53.0154665, -122.4950096
2016, #VanLifeAttila{#CookingWithTheHun(bacon turkey) (#3.14)}, 53.1044428, -121.5723679
2016, #VanLifeAttila{1 Year After Starting Meds for Depression (#3.15)}, 53.0154665, -122.4950096
2016, #VanLifeAttila{@DearestDayna (#4.15)}, 49.2433804, -122.9725459
2016, #VanLifeAttila{@DearestDayna: Signing Up (#2.11)}, 49.2842958, -122.793281
2016, #VanLifeAttila{A Domestic Life (#3.6)}, 53.1044428, -121.5723679
2016, #VanLifeAttila{A Domestic Life (#3.6)}, 52.9794279, -122.4936273
2016, #VanLifeAttila{A Domestic Life (#3.6)}, 53.0666687, -121.5166749
2016, #VanLifeAttila{A Domestic Life (#3.6)}, 49.2608724, -123.1139529
2016, #VanLifeAttila{All Work and No Play (#4.2)}, 49.2608724, -123.1139529
2016, #VanLifeAttila{An Ideal Life (#3.5)}, 53.1044428, -121.5723679
2016, #VanLifeAttila{Attila the Drunk (#3.10)}, 53.1044428, -121.5723679
2016, #VanLifeAttila{Back in the 1800s (#3.20)}, 53.0666687, -121.5166749
2016, #VanLifeAttila{Becky Oben: Part 2 (#1.6)}, 49.3206294, -123.0737925
2016, #VanLifeAttila{Becky Oben: Part 3 (#1.7)}, 49.3206294, -123.0737925
2016, #VanLifeAttila{Becky Oben: Part 4 (#1.8)}, 49.3206294, -123.0737925
2016, #VanLifeAttila{Bullseye (#4.8)}, 49.2608724, -123.1139529
2016, #VanLifeAttila{Cariboo Joy RV Park (#3.7)}, 53.1044428, -121.5723679
2016, #VanLifeAttila{Cariboo Joy RV Park (#3.7)}, 53.0666687, -121.5166749
2016, #VanLifeAttila{Cariboo Joy RV Park (#3.7)}, 52.9794279, -122.4936273
2016, #VanLifeAttila{Clinical Depression: Season Finale (#3.35)}, 49.8879177, -119.4959025
2016, #VanLifeAttila{Constructively Ill (#3.3)}, 53.1044428, -121.5723679
2016, #VanLifeAttila{DearestDayna: Color Me Purple (#2.10)}, 49.2842958, -122.793281
2016, #VanLifeAttila{DearestDayna: Working for Free in Banff (#2.7)}, 49.2842958, -122.793281
2016, #VanLifeAttila{Diminished Mental Capacity: Part 1 (#3.23)}, 53.1044428, -121.5723679
2016, #VanLifeAttila{Diminished Mental Capacity: Part 2 (#3.25)}, 53.1044428, -121.5723679
2016, #VanLifeAttila{Dr. Joseph Park (#3.2)}, 53.1044428, -121.5723679
2016, #VanLifeAttila{Dr. Joseph Park (#3.2)}, 53.0666687, -121.5166749
2016, #VanLifeAttila{First Audition in 5 Years (#4.10)}, 49.163168, -123.137414
2016, #VanLifeAttila{First Audition in 5 Years (#4.10)}, 49.2608724, -123.1139529
2016, #VanLifeAttila{Flashback (#2.9)}, 53.0154665, -122.4950096
2016, #VanLifeAttila{Food, Rehearsals, Food (#3.4)}, 53.1044428, -121.5723679
2016, #VanLifeAttila{Food, Rehearsals, Food (#3.4)}, 53.0666687, -121.5166749
2016, #VanLifeAttila{Forget the Middle Man (#3.19)}, 53.1044428, -121.5723679
2016, #VanLifeAttila{Ghosts of Minnehaha (#3.24)}, 53.0666687, -121.5166749
2016, #VanLifeAttila{God Is a Copout (#2.3)}, 50.8367991, -118.9826386
2016, #VanLifeAttila{God Is a Copout (#2.3)}, 51.0534234, -114.0625892
2016, #VanLifeAttila{God Is a Copout (#2.3)}, 49.2608724, -123.1139529
2016, #VanLifeAttila{God Is a Copout (#2.3)}, 49.3799438, -121.4413515
2016, #VanLifeAttila{God Is a Copout (#2.3)}, 53.0666687, -121.5166749
2016, #VanLifeAttila{Gramophone (#3.30)}, 53.0666687, -121.5166749
2016, #VanLifeAttila{Hit 'n' Run (#2.2)}, 50.8367991, -118.9826386
2016, #VanLifeAttila{Hope. A Dangerous Thing. (#2.1)}, 53.1044428, -121.5723679
2016, #VanLifeAttila{Hope. A Dangerous Thing. (#2.1)}, 53.0666687, -121.5166749
2016, #VanLifeAttila{Job 5 (#4.12)}, 49.2433804, -122.9725459
2016, #VanLifeAttila{Job 6 (#4.14)}, 49.3206294, -123.0737925
2016, #VanLifeAttila{Joseph Park: A Term of Slang (#3.34)}, 53.0666687, -121.5166749
2016, #VanLifeAttila{Live Finale (#4.28)}, 49.2608724, -123.1139529
2016, #VanLifeAttila{Man Make Fire Aka Cooking with the Hun: Early Days (#3.8)}, 53.1044428, -121.5723679
2016, #VanLifeAttila{My Experiment: #VanLifeAttila(Pilot) (#1.0)}, 49.2608724, -123.1139529
2016, #VanLifeAttila{My Feature Film (#4.5)}, 49.3019112, -123.14154052837662
2016, #VanLifeAttila{New Career (#4.27)}, 55.001251, -115.002136
2016, #VanLifeAttila{Novel Reading: My Memoirs (#2.14)}, 49.2608724, -123.1139529
2016, #VanLifeAttila{Novel Reading: My Memoirs (#2.14)}, 47.48138955, 19.14607278448202
2016, #VanLifeAttila{Novel Reading: My Memoirs (#2.14)}, 47.48138955, 19.14607278448202
2016, #VanLifeAttila{Painful Arrival: PART 1 (#2.12)}, 53.0154665, -122.4950096
2016, #VanLifeAttila{Painful Arrival: PART 1 (#2.12)}, 53.0666687, -121.5166749
2016, #VanLifeAttila{Painful Arrival: PART 1 (#2.12)}, 53.1044428, -121.5723679
2016, #VanLifeAttila{Painful Arrival: PART 2 (#2.13)}, 53.0666687, -121.5166749
2016, #VanLifeAttila{Parking Problems vs Real Problems (#4.4)}, 49.2608724, -123.1139529
2016, #VanLifeAttila{Pussy vs Problems (#2.6)}, 53.0666687, -121.5166749
2016, #VanLifeAttila{Pussy vs Problems (#2.6)}, 49.2842958, -122.793281
2016, #VanLifeAttila{Ranting: The Frustrated Me (#4.11)}, 49.3206294, -123.0737925
2016, #VanLifeAttila{Settling Into My Life-Sorta. (#4.26)}, 49.2608724, -123.1139529
2016, #VanLifeAttila{Shots for the Queen(Victoria) (#3.26)}, 53.0666687, -121.5166749
2016, #VanLifeAttila{St. George Hotel (#3.11)}, 53.0666687, -121.5166749
2016, #VanLifeAttila{Stanley (#3.21)}, 53.0402309, -121.718755
2016, #VanLifeAttila{Take 2 and Call Me in the Morning (#3.27)}, 52.9794279, -122.4936273
2016, #VanLifeAttila{That Moment When You Know (#3.16)}, 53.0666687, -121.5166749
2016, #VanLifeAttila{That Moment When You Know (#3.16)}, 53.1044428, -121.5723679
2016, #VanLifeAttila{That Moment When You Know (#3.16)}, 53.1173414, -121.49901337494916
2016, #VanLifeAttila{The Butler Did It (#3.1)}, 53.0666687, -121.5166749
2016, #VanLifeAttila{The Butler Did It (#3.1)}, 53.1044428, -121.5723679
2016, #VanLifeAttila{The Butler Didn't Do It (#3.29)}, 53.1044428, -121.5723679
2016, #VanLifeAttila{The Butler Didn't Do It (#3.29)}, 52.9794279, -122.4936273
2016, #VanLifeAttila{The Day to Day (#3.12)}, 53.0666687, -121.5166749
2016, #VanLifeAttila{The Day to Day (#3.12)}, 53.1044428, -121.5723679
2016, #VanLifeAttila{The Day to Day (#3.12)}, 52.9794279, -122.4936273
2016, #VanLifeAttila{The Full Tour (#3.32)}, 53.0666687, -121.5166749
2016, #VanLifeAttila{The Picnic Table (#3.9)}, 53.1044428, -121.5723679
2016, #VanLifeAttila{Therapy Tools. Butler Tools. (#3.13)}, 53.0666687, -121.5166749
2016, #VanLifeAttila{Therapy Tools. Butler Tools. (#3.13)}, 53.0154665, -122.4950096
2016, #VanLifeAttila{There's No Place Like Home (#3.33)}, 49.8681162, -121.4432499
2016, #VanLifeAttila{WWJD? Part 1: Free Legal Advice (#3.18)}, 53.0666687, -121.5166749
2016, #VanLifeAttila{WWJD? Part 2: Free Legal Advice (#3.22)}, 53.0666687, -121.5166749
2016, #VanLifeAttila{Welcome to the 1930's (#3.28)}, 53.0666687, -121.5166749
2016, #VanLifeAttila{Welcome to the Caribou (#2.4)}, 55.001251, -125.002441
2016, #VanLifeAttila{Wet Bed/Personal Stories (#1.2)}, 49.2608724, -123.1139529
2016, #VanLifeAttila{What Is Reality (#2.5)}, 53.0154665, -122.4950096
2016, #VanLifeAttila{Working for Free (#2.8)}, 43.6534817, -79.3839347
2016, #VanLifeAttila{Working for Free (#2.8)}, 51.1777781, -115.5682504
2016, #VanLifeAttila{Working for Free (#2.8)}, 49.8955367, -97.1384584
2016, #VanLifeAttila{You Brought 'Er You Lick 'Er (#4.9)}, 49.163168, -123.137414
2018, #WarGames, 40.84348675, -73.62581450092935
2018, #WarGames, 40.7127281, -74.0060152
2013, #tlir, 45.373343, -84.95533
2010, $#*! My Dad Says, 52.2326368, 21.0067376
2002, $2 Bill{Kanye West}, 34.0536909, -118.242766
2002, $2 Bill{Yellowcard}, 32.7174202, -117.1627728
2017, $2 Donuts, -33.8548157, 151.2164539
2004, $25 Million Dollar Hoax, 32.7174202, -117.1627728
2009, $5 Cover, 35.1490215, -90.0516285
2009, $5 Cover{A New Drummer (#1.1)}, 35.7730076, -86.2820081
2009, $5 Cover{Head Change (#1.2)}, 35.7730076, -86.2820081
2009, $5 Cover{Jacked Up and Crying (#1.6)}, 35.7730076, -86.2820081
2009, $5 Cover{Kate and Company (#1.4)}, 35.7730076, -86.2820081
2009, $5 Cover{Memphis Drama (#1.3)}, 35.7730076, -86.2820081
2009, $5 Cover{Skills of the Father (#1.5)}, 35.7730076, -86.2820081
2009, $5 Cover: Seattle, 47.6038321, -122.3300624
2013, $5,000 Video, 34.0536909, -118.242766
2010, &@, 47.6038321, -122.3300624
2011, ' Horse Trials ', 52.5310214, -1.2649062
2009, '80s Videos: A to Z, 34.0194704, -118.4912273
1982, 'Allo 'Allo!, 52.2326368, 21.0067376
1982, 'Allo 'Allo!, 52.2326368, 21.0067376
1982, 'Allo 'Allo!, 39.2138905, -79.6371124
1982, 'Allo 'Allo!, 39.2138905, -79.6371124
1982, 'Allo 'Allo!, 39.2138905, -79.6371124
1982, 'Allo 'Allo!, 52.51433585, 0.679956025662916
1982, 'Allo 'Allo!{A Bun in the Oven (#8.0)}, 52.5310214, -1.2649062
1982, 'Allo 'Allo!{A Duck for Launch (#5.15)}, 52.5310214, -1.2649062
1982, 'Allo 'Allo!{A Fishy Sendoff (#9.5)}, 52.5310214, -1.2649062
1982, 'Allo 'Allo!{A Fistful of Francs (#8.6)}, 52.5310214, -1.2649062
1982, 'Allo 'Allo!{A Marriage of Inconvenience (#5.6)}, 52.5310214, -1.2649062
1982, 'Allo 'Allo!{A Quiet Honeymoon (#7.1)}, 52.5310214, -1.2649062
1982, 'Allo 'Allo!{A Winkle in Time (#9.6)}, 52.5310214, -1.2649062
1982, 'Allo 'Allo!{A Woman Never Lies (#8.2)}, 52.5310214, -1.2649062
1982, 'Allo 'Allo!{All in Disgeese (#5.26)}, 52.5310214, -1.2649062
1982, 'Allo 'Allo!{An Almighty Bang (#7.2)}, 52.5310214, -1.2649062
1982, 'Allo 'Allo!{An Enigma Variation (#5.23)}, 52.5310214, -1.2649062
1982, 'Allo 'Allo!{Arousing Suspicions (#8.1)}, 52.5310214, -1.2649062
1982, 'Allo 'Allo!{Awful Wedded Wife (#8.4)}, 52.5310214, -1.2649062
1982, 'Allo 'Allo!{Camp Dance (#4.2)}, 52.5310214, -1.2649062
1982, 'Allo 'Allo!{Crabtree's Podgeon Pist (#6.7)}, 52.5310214, -1.2649062
1982, 'Allo 'Allo!{Desperate Doings in the Dungeon (#5.1)}, 52.5310214, -1.2649062
1982, 'Allo 'Allo!{Desperate Doings in the Graveyard (#6.1)}, 52.5310214, -1.2649062
1982, 'Allo 'Allo!{Dinner with the General (#5.3)}, 52.5310214, -1.2649062
1982, 'Allo 'Allo!{Down the Drain (#5.25)}, 52.5310214, -1.2649062
1982, 'Allo 'Allo!{Fighting with Windmills (#9.1)}, 52.5310214, -1.2649062
1982, 'Allo 'Allo!{Firing Squashed (#8.5)}, 52.5310214, -1.2649062
1982, 'Allo 'Allo!{Fleeing Monks (#7.3)}, 52.5310214, -1.2649062
1982, 'Allo 'Allo!{Flight of Fancy (#3.4)}, 52.5310214, -1.2649062
1982, 'Allo 'Allo!{Flight to Geneva (#5.21)}, 52.5310214, -1.2649062
1982, 'Allo 'Allo!{Going Like a Bomb (#5.17)}, 52.5310214, -1.2649062
1982, 'Allo 'Allo!{Good Staff Are Hard to Find (#4.3)}, 52.5310214, -1.2649062
1982, 'Allo 'Allo!{Gruber Does Some Mincing (#3.2)}, 52.5310214, -1.2649062
1982, 'Allo 'Allo!{Herr Flick's Revenge (#2.6)}, 52.5310214, -1.2649062
1982, 'Allo 'Allo!{Hitler's Last Heil (#8.3)}, 52.5310214, -1.2649062
1982, 'Allo 'Allo!{Land Mines for London (#5.20)}, 52.5310214, -1.2649062
1982, 'Allo 'Allo!{Leg It to Spain! (#7.7)}, 52.5310214, -1.2649062
1982, 'Allo 'Allo!{Missing and Presumed Dead (#9.2)}, 52.5310214, -1.2649062
1982, 'Allo 'Allo!{Money to Burn (#5.18)}, 52.5310214, -1.2649062
1982, 'Allo 'Allo!{No Hiding Place (#5.7)}, 52.5310214, -1.2649062
1982, 'Allo 'Allo!{Otherwise Engaged (#5.5)}, 52.5310214, -1.2649062
1982, 'Allo 'Allo!{Pigeon Post (#1.2)}, 52.5310214, -1.2649062
1982, 'Allo 'Allo!{Pretty Maids All in a Row (#3.5)}, 52.5310214, -1.2649062
1982, 'Allo 'Allo!{Prior Engagements (#7.8)}, 52.5310214, -1.2649062
1982, 'Allo 'Allo!{Prisoners of War (#4.1)}, 52.5310214, -1.2649062
1982, 'Allo 'Allo!{Puddings Can Go Off (#5.19)}, 52.5310214, -1.2649062
1982, 'Allo 'Allo!{Reds Nick's Colonel (#1.6)}, 52.5310214, -1.2649062
1982, 'Allo 'Allo!{Ren� - Under an Assumed Nose (#5.10)}, 52.5310214, -1.2649062
1982, 'Allo 'Allo!{Ren� Artois Is Still Dead (#9.3)}, 52.5310214, -1.2649062
1982, 'Allo 'Allo!{Ren� of the Gypsies (#7.10)}, 52.5310214, -1.2649062
1982, 'Allo 'Allo!{Ribbing the Bonk (#5.13)}, 52.5310214, -1.2649062
1982, 'Allo 'Allo!{Rising to the Occasion (#6.8)}, 52.5310214, -1.2649062
1982, 'Allo 'Allo!{Savile Row to the Rescue (#1.3)}, 52.5310214, -1.2649062
1982, 'Allo 'Allo!{Six Big Boobies (#2.1)}, 52.5310214, -1.2649062
1982, 'Allo 'Allo!{Soup and Sausage (#7.9)}, 52.5310214, -1.2649062
1982, 'Allo 'Allo!{Swan Song (#8.7)}, 52.5310214, -1.2649062
1982, 'Allo 'Allo!{Swiftly and with Style (#2.4)}, 52.5310214, -1.2649062
1982, 'Allo 'Allo!{The Airmen De-Nicked (#6.5)}, 52.5310214, -1.2649062
1982, 'Allo 'Allo!{The Arrival of the Homing Duck (#5.8)}, 52.5310214, -1.2649062
1982, 'Allo 'Allo!{The British 'ave Come (#1.1)}, 52.5310214, -1.2649062
1982, 'Allo 'Allo!{The British Are Coming (#1.0)}, 52.5310214, -1.2649062
1982, 'Allo 'Allo!{The Camera in the Potato (#5.2)}, 52.5310214, -1.2649062
1982, 'Allo 'Allo!{The Confusion of the Generals (#5.11)}, 52.5310214, -1.2649062
1982, 'Allo 'Allo!{The Crooked Fences (#6.6)}, 52.5310214, -1.2649062
1982, 'Allo 'Allo!{The Dance of Hitler Youth (#1.7)}, 52.5310214, -1.2649062
1982, 'Allo 'Allo!{The Dreaded Circular Saw (#5.4)}, 52.5310214, -1.2649062
1982, 'Allo 'Allo!{The Duel (#2.5)}, 52.5310214, -1.2649062
1982, 'Allo 'Allo!{The Execution (#1.4)}, 52.5310214, -1.2649062
1982, 'Allo 'Allo!{The Exploding Bedpan (#5.16)}, 52.5310214, -1.2649062
1982, 'Allo 'Allo!{The Fishmonger Float (#9.4)}, 52.5310214, -1.2649062
1982, 'Allo 'Allo!{The Flying Nun (#4.4)}, 52.5310214, -1.2649062
1982, 'Allo 'Allo!{The Funeral (#1.5)}, 52.5310214, -1.2649062
1982, 'Allo 'Allo!{The Gateau from the Chateau (#2.7)}, 52.5310214, -1.2649062
1982, 'Allo 'Allo!{The Gestapo Ruins a Picnic (#7.5)}, 52.5310214, -1.2649062
1982, 'Allo 'Allo!{The Gestapo for the High Jump (#6.2)}, 52.5310214, -1.2649062
1982, 'Allo 'Allo!{The Great Un-Escape (#3.6)}, 52.5310214, -1.2649062
1982, 'Allo 'Allo!{The Jet-Propelled Mother-In-Law (#4.6)}, 52.5310214, -1.2649062
1982, 'Allo 'Allo!{The Nicked Airmen (#6.4)}, 52.5310214, -1.2649062
1982, 'Allo 'Allo!{The Nicked Knockwurst (#3.1)}, 52.5310214, -1.2649062
1982, 'Allo 'Allo!{The Nouvion Oars (#6.3)}, 52.5310214, -1.2649062
1982, 'Allo 'Allo!{The Poloceman Cometh (#2.3)}, 52.5310214, -1.2649062
1982, 'Allo 'Allo!{The Reluctant Millionaires (#5.14)}, 52.5310214, -1.2649062
1982, 'Allo 'Allo!{The Sausage in the Trousers (#4.5)}, 52.5310214, -1.2649062
1982, 'Allo 'Allo!{The Sausage in the Wardrobe (#3.3)}, 52.5310214, -1.2649062
1982, 'Allo 'Allo!{The Spirit of Nouvion (#7.6)}, 52.5310214, -1.2649062
1982, 'Allo 'Allo!{The Wooing of Widow Artois (#2.2)}, 52.5310214, -1.2649062
1982, 'Allo 'Allo!{Train of Events (#5.22)}, 52.5310214, -1.2649062
1982, 'Allo 'Allo!{Up the Crick Without a Piddle (#7.4)}, 52.5310214, -1.2649062
1982, 'Allo 'Allo!{Watch the Birdie (#5.9)}, 52.5310214, -1.2649062
1982, 'Allo 'Allo!{Wedding Bloss (#5.24)}, 52.5310214, -1.2649062
1982, 'Allo 'Allo!{Who's for the Vatican? (#5.12)}, 52.5310214, -1.2649062
2007, 'Da Kink in My Hair{A Mother of a Day (#1.10)}, 43.6534817, -79.3839347
2007, 'Da Kink in My Hair{All That Glitters (#1.9)}, 43.6534817, -79.3839347
2007, 'Da Kink in My Hair{Black Cake, White Cake (#2.10)}, 43.6534817, -79.3839347
2007, 'Da Kink in My Hair{Chicken (#1.3)}, 43.6534817, -79.3839347
2007, 'Da Kink in My Hair{Coming Out of the Closet (#2.11)}, 43.6534817, -79.3839347
2007, 'Da Kink in My Hair{Computer Love (#2.9)}, 43.6534817, -79.3839347
2007, 'Da Kink in My Hair{Di Heart of Di Matter (#1.13)}, 43.6534817, -79.3839347
2007, 'Da Kink in My Hair{Empress of Eglinton (#2.8)}, 43.6534817, -79.3839347
2007, 'Da Kink in My Hair{Empty Bag Can't Stand Up (#1.4)}, 43.6534817, -79.3839347
2007, 'Da Kink in My Hair{Every Hoe Have Him Stick (#1.6)}, 43.6534817, -79.3839347
2007, 'Da Kink in My Hair{Everything in Its Right Place (#2.1)}, 43.6534817, -79.3839347
2007, 'Da Kink in My Hair{Fass & Facety (#1.2)}, 43.6534817, -79.3839347
2007, 'Da Kink in My Hair{Forced Ripe Mango (#2.5)}, 43.6534817, -79.3839347
2007, 'Da Kink in My Hair{Honesty the Best Policy? (#2.7)}, 43.6534817, -79.3839347
2007, 'Da Kink in My Hair{Licks! (#2.6)}, 43.6534817, -79.3839347
2007, 'Da Kink in My Hair{Looks Can Be Revealing (#2.2)}, 43.6534817, -79.3839347
2007, 'Da Kink in My Hair{Love Can't Wrap Up in a Paper (#1.5)}, 43.6534817, -79.3839347
2007, 'Da Kink in My Hair{Me Throw Me Corn But Me No Call No Fowl (#1.11)}, 43.6534817, -79.3839347
2007, 'Da Kink in My Hair{Mouth Open Story Jump Out (#1.8)}, 43.6534817, -79.3839347
2007, 'Da Kink in My Hair{Of Papers and Patois (#2.3)}, 43.6534817, -79.3839347
2007, 'Da Kink in My Hair{Oil's Well That Ends Well (#2.13)}, 43.6534817, -79.3839347
2007, 'Da Kink in My Hair{Pardnah Me? (#2.12)}, 43.6534817, -79.3839347
2007, 'Da Kink in My Hair{Playing Social (#2.4)}, 43.6534817, -79.3839347
2007, 'Da Kink in My Hair{Rules Are Made... (#1.1)}, 43.6534817, -79.3839347
2007, 'Da Kink in My Hair{Speaky Spokey (#1.12)}, 43.6534817, -79.3839347
2007, 'Da Kink in My Hair{The Man of the House (#1.7)}, 43.6534817, -79.3839347
2017, 'Frankie & Emma', 51.5073219, -0.1276474
2000, 'More strasti', 42.9868853, 19.5180992
1995, 'Sang linggo nAPO sila, 12.7503486, 122.7312101
2006, 'Til Death Do Us Part{The Strip Club Murder (#1.6)}, 43.2560802, -79.8728583
2004, 'Wag kukurap, 12.7503486, 122.7312101
1961, 'Way Out, 40.7127281, -74.0060152
1961, 'Way Out{20/20 (#1.14)}, 40.7127281, -74.0060152
1961, 'Way Out{Button, Button (#1.4)}, 40.7127281, -74.0060152
1961, 'Way Out{Death Wish (#1.9)}, 40.7127281, -74.0060152
1961, 'Way Out{Dissolve to Black (#1.8)}, 40.7127281, -74.0060152
1961, 'Way Out{False Face (#1.7)}, 40.7127281, -74.0060152
1961, 'Way Out{Hush-Hush (#1.11)}, 40.7127281, -74.0060152
1961, 'Way Out{I Heard You Calling Me (#1.5)}, 40.7127281, -74.0060152
1961, 'Way Out{Side Show (#1.12)}, 40.7127281, -74.0060152
1961, 'Way Out{Soft Focus (#1.13)}, 40.7127281, -74.0060152
1961, 'Way Out{The Croaker (#1.6)}, 40.7127281, -74.0060152
1961, 'Way Out{The Down Car (#1.2)}, 40.7127281, -74.0060152
1961, 'Way Out{The Overnight Case (#1.10)}, 40.7127281, -74.0060152
1961, 'Way Out{The Sisters (#1.3)}, 40.7127281, -74.0060152
1961, 'Way Out{William and Mary (#1.1)}, 40.7127281, -74.0060152
2009, 'n Shrink, 30.2711286, -97.7436995
2009, 'n Shrink{Haul from Hell (#1.3)}, 30.2711286, -97.7436995
2014, (Des)Encontros{Lara e Gael (#1.1)}, -23.9542382, -46.3260872
2014, (Mis)adventure, 37.9406215, 23.6492092
2014, (Mis)adventure, 37.9406215, 23.6492092
2015, (Not) Brothers, 40.6942696, -73.9187482
2017, (Re)placement, 28.4753569, -81.4671768
2008, (S)avis{(#1.13)}, 41.3999764, 2.185709260410055
2008, (S)avis{(#1.13)}, 41.3805321, 2.1710813
2008, (S)avis{(#2.1)}, 41.38810965, 2.1888825518499733
2017, (Un)Balanced: A Web Series, 40.7720145, -73.9302673
2014, (gli) Imperatori, 41.8933203, 12.4829321
2014, +27: Social Innovators of South Africa, -33.928992, 18.417396
